Color,Filename,
3d3d42,concrete_powder_black,
f6d83d,concrete_powder_yellow,
ffffff,concrete_powder_white,
b0b0a8,concrete_powder_silver,
bf3f39,concrete_powder_red,
a149c9,concrete_powder_purple,
ebb3c7,concrete_powder_pink,
eb881c,concrete_powder_orange,
db7ad7,concrete_powder_magenta,
8ec72f,concrete_powder_lime,
68cee4,concrete_powder_light_blue,
799729,concrete_powder_green,
555d5f,concrete_powder_gray,
26a9ac,concrete_powder_cyan,
916441,concrete_powder_brown,
5359bd,concrete_powder_blue,


